{
  "batch_id": "latest",
  "analyzed_at": "2026-06-16T09:24:11.686413+00:00",
  "n_cases_total": 3,
  "layer1": {
    "layer1a": {
      "n_cases": 1,
      "mean_body_use_rank": 49.0,
      "median_body_use_rank": 49,
      "mean_percentile": 0.23809523809523814,
      "mean_local_rank": null,
      "median_local_rank": null,
      "top1_rate": 0.0,
      "top3_rate": 0.0,
      "ranks": [
        49
      ],
      "local_ranks": [],
      "body_use_matrix": {
        "乾": {
          "乾": 0.015625000000000007,
          "兌": 0.015625000000000007,
          "離": 0.015625000000000007,
          "震": 0.015625000000000007,
          "巽": 0.015625000000000007,
          "坎": 0.015625000000000007,
          "艮": 0.015625000000000007,
          "坤": 0.015625000000000007
        },
        "兌": {
          "乾": 0.015625000000000007,
          "兌": 0.015625000000000007,
          "離": 0.015625000000000007,
          "震": 0.015625000000000007,
          "巽": 0.015625000000000007,
          "坎": 0.015625000000000007,
          "艮": 0.015625000000000007,
          "坤": 0.015625000000000007
        },
        "離": {
          "乾": 0.015625000000000007,
          "兌": 0.015625000000000007,
          "離": 0.015625000000000007,
          "震": 0.015625000000000007,
          "巽": 0.015625000000000007,
          "坎": 0.015625000000000007,
          "艮": 0.015625000000000007,
          "坤": 0.015625000000000007
        },
        "震": {
          "乾": 0.015625000000000007,
          "兌": 0.015625000000000007,
          "離": 0.015625000000000007,
          "震": 0.015625000000000007,
          "巽": 0.015625000000000007,
          "坎": 0.015625000000000007,
          "艮": 0.015625000000000007,
          "坤": 0.015625000000000007
        },
        "巽": {
          "乾": 0.015625000000000007,
          "兌": 0.015625000000000007,
          "離": 0.015625000000000007,
          "震": 0.015625000000000007,
          "巽": 0.015625000000000007,
          "坎": 0.015625000000000007,
          "艮": 0.015625000000000007,
          "坤": 0.015625000000000007
        },
        "坎": {
          "乾": 0.015625000000000007,
          "兌": 0.015625000000000007,
          "離": 0.015625000000000007,
          "震": 0.015625000000000007,
          "巽": 0.015625000000000007,
          "坎": 0.015625000000000007,
          "艮": 0.015625000000000007,
          "坤": 0.015625000000000007
        },
        "艮": {
          "乾": 0.015625000000000007,
          "兌": 0.015625000000000007,
          "離": 0.015625000000000007,
          "震": 0.015625000000000007,
          "巽": 0.015625000000000007,
          "坎": 0.015625000000000007,
          "艮": 0.015625000000000007,
          "坤": 0.015625000000000007
        },
        "坤": {
          "乾": 0.015625000000000007,
          "兌": 0.015625000000000007,
          "離": 0.015625000000000007,
          "震": 0.015625000000000007,
          "巽": 0.015625000000000007,
          "坎": 0.015625000000000007,
          "艮": 0.015625000000000007,
          "坤": 0.015625000000000007
        }
      }
    },
    "layer1b": null,
    "case_results": [
      {
        "layer1a": {
          "true_body": "艮",
          "true_use": "乾",
          "body_use_score": 0.015625000000000007,
          "body_use_log_score": -4.1588830833596555,
          "body_use_rank": 49,
          "body_use_percentile": 0.23809523809523814,
          "all_64_scores": [
            {
              "body": "乾",
              "use": "乾",
              "score": 0.015625000000000007,
              "log_score": -4.1588830833596555
            },
            {
              "body": "乾",
              "use": "兌",
              "score": 0.015625000000000007,
              "log_score": -4.1588830833596555
            },
            {
              "body": "乾",
              "use": "離",
              "score": 0.015625000000000007,
              "log_score": -4.1588830833596555
            },
            {
              "body": "乾",
              "use": "震",
              "score": 0.015625000000000007,
              "log_score": -4.1588830833596555
            },
            {
              "body": "乾",
              "use": "巽",
              "score": 0.015625000000000007,
              "log_score": -4.1588830833596555
            },
            {
              "body": "乾",
              "use": "坎",
              "score": 0.015625000000000007,
              "log_score": -4.1588830833596555
            },
            {
              "body": "乾",
              "use": "艮",
              "score": 0.015625000000000007,
              "log_score": -4.1588830833596555
            },
            {
              "body": "乾",
              "use": "坤",
              "score": 0.015625000000000007,
              "log_score": -4.1588830833596555
            },
            {
              "body": "兌",
              "use": "乾",
              "score": 0.015625000000000007,
              "log_score": -4.1588830833596555
            },
            {
              "body": "兌",
              "use": "兌",
              "score": 0.015625000000000007,
              "log_score": -4.1588830833596555
            },
            {
              "body": "兌",
              "use": "離",
              "score": 0.015625000000000007,
              "log_score": -4.1588830833596555
            },
            {
              "body": "兌",
              "use": "震",
              "score": 0.015625000000000007,
              "log_score": -4.1588830833596555
            },
            {
              "body": "兌",
              "use": "巽",
              "score": 0.015625000000000007,
              "log_score": -4.1588830833596555
            },
            {
              "body": "兌",
              "use": "坎",
              "score": 0.015625000000000007,
              "log_score": -4.1588830833596555
            },
            {
              "body": "兌",
              "use": "艮",
              "score": 0.015625000000000007,
              "log_score": -4.1588830833596555
            },
            {
              "body": "兌",
              "use": "坤",
              "score": 0.015625000000000007,
              "log_score": -4.1588830833596555
            },
            {
              "body": "離",
              "use": "乾",
              "score": 0.015625000000000007,
              "log_score": -4.1588830833596555
            },
            {
              "body": "離",
              "use": "兌",
              "score": 0.015625000000000007,
              "log_score": -4.1588830833596555
            },
            {
              "body": "離",
              "use": "離",
              "score": 0.015625000000000007,
              "log_score": -4.1588830833596555
            },
            {
              "body": "離",
              "use": "震",
              "score": 0.015625000000000007,
              "log_score": -4.1588830833596555
            },
            {
              "body": "離",
              "use": "巽",
              "score": 0.015625000000000007,
              "log_score": -4.1588830833596555
            },
            {
              "body": "離",
              "use": "坎",
              "score": 0.015625000000000007,
              "log_score": -4.1588830833596555
            },
            {
              "body": "離",
              "use": "艮",
              "score": 0.015625000000000007,
              "log_score": -4.1588830833596555
            },
            {
              "body": "離",
              "use": "坤",
              "score": 0.015625000000000007,
              "log_score": -4.1588830833596555
            },
            {
              "body": "震",
              "use": "乾",
              "score": 0.015625000000000007,
              "log_score": -4.1588830833596555
            },
            {
              "body": "震",
              "use": "兌",
              "score": 0.015625000000000007,
              "log_score": -4.1588830833596555
            },
            {
              "body": "震",
              "use": "離",